{
  "Snapshot": {
    "Id": "66325418-a826-4dc3-9b98-241391d155a7",
    "ExpressionLanguage": "VisualBasic",
    "ProjectType": "Process",
    "Name": "JMAN",
    "Description": "Blank Process",
    "LastModifiedTime": "2025-11-30T09:16:35.3526542Z",
    "CreationTime": "2025-11-26T13:12:19.9441686Z",
    "UserId": "417f9bbb-03a0-47ba-bdb0-68ebce89da4c",
    "RootFolder": {
      "Name": "66325418-a826-4dc3-9b98-241391d155a7",
      "Folders": [
        {
          "Id": "ede7ceff-d772-4885-8a46-16b80718c828",
          "Name": ".objects",
          "Folders": [],
          "Files": [
            {
              "Id": "eef809cc-7d00-4c3b-b45d-5fb3a34c3852",
              "Name": ".metadata",
              "IsMain": false
            },
            {
              "Id": "e5e7018a-4923-4526-b201-0d73ae8ba3d3",
              "Name": ".type",
              "IsMain": false
            }
          ]
        },
        {
          "Id": "7f3031af-3ed0-4893-ba01-45d0d8d60137",
          "Name": ".settings",
          "Folders": [
            {
              "Id": "859afff4-5452-4d6e-835a-d4fb9d4628f5",
              "Name": "Release",
              "Folders": [],
              "Files": [
                {
                  "Id": "64523602-b992-492d-b5e8-4b5687d7f732",
                  "Name": "settings-590bb27b.json",
                  "IsMain": false
                },
                {
                  "Id": "40fdd839-5183-4ab3-a35b-a96c096ca0b1",
                  "Name": "settings-82ca306a.json",
                  "IsMain": false
                },
                {
                  "Id": "c0959cf6-a329-4066-923c-50336bb11fb5",
                  "Name": "settings-1a5b880a.json",
                  "IsMain": false
                },
                {
                  "Id": "c58803c4-0733-4d60-a2e6-9ff89dfa847a",
                  "Name": "settings-a1b2dac1.json",
                  "IsMain": false
                },
                {
                  "Id": "83d1b5ca-2978-4621-acb2-f1dfb527d9a2",
                  "Name": "settings-9e9290da.json",
                  "IsMain": false
                },
                {
                  "Id": "fed57b0b-4392-401c-b6c0-63f21b765d4e",
                  "Name": "settings-5190454b.json",
                  "IsMain": false
                },
                {
                  "Id": "50f52f87-70b9-4730-a9c9-615f12774dd9",
                  "Name": "settings-afad0842.json",
                  "IsMain": false
                }
              ]
            },
            {
              "Id": "01262fda-fc2e-4a13-8f19-d93bee91ff95",
              "Name": "Design",
              "Folders": [],
              "Files": [
                {
                  "Id": "8af7f77f-f6a2-4615-880c-d15d7f1ad093",
                  "Name": "settings-590bb27b.json",
                  "IsMain": false
                },
                {
                  "Id": "5fad7092-ccc2-430a-bd5f-f7eba8572daa",
                  "Name": "settings-a1b2dac1.json",
                  "IsMain": false
                },
                {
                  "Id": "2cc6e7be-c4a0-4b3a-bc95-05ae22a99518",
                  "Name": "settings-5190454b.json",
                  "IsMain": false
                },
                {
                  "Id": "6d1db7c1-756f-49a1-a0eb-6c1e8cee8f7d",
                  "Name": "settings-afad0842.json",
                  "IsMain": false
                }
              ]
            },
            {
              "Id": "61f5b063-8944-4ca8-82e0-8a6faeb201cd",
              "Name": "Debug",
              "Folders": [],
              "Files": [
                {
                  "Id": "c15a7220-47cd-4b89-990e-dbcf63170d89",
                  "Name": "settings-590bb27b.json",
                  "IsMain": false
                },
                {
                  "Id": "8cb91659-6a3f-4c29-a07a-d940710a1710",
                  "Name": "settings-82ca306a.json",
                  "IsMain": false
                },
                {
                  "Id": "2a48d649-c54a-447d-b821-8508aa33fb59",
                  "Name": "settings-1a5b880a.json",
                  "IsMain": false
                },
                {
                  "Id": "3731e4da-6a17-4695-b9fc-95f50e2dd777",
                  "Name": "settings-a1b2dac1.json",
                  "IsMain": false
                },
                {
                  "Id": "9e6d4e88-7ae9-4a50-bd25-6157fd1ab1e4",
                  "Name": "settings-9e9290da.json",
                  "IsMain": false
                },
                {
                  "Id": "4f17a2e7-bc44-4c58-8c53-e9b4e5d9ab33",
                  "Name": "settings-5190454b.json",
                  "IsMain": false
                },
                {
                  "Id": "d9ae1d48-50a4-4a43-9556-ea36151a1f21",
                  "Name": "settings-afad0842.json",
                  "IsMain": false
                }
              ]
            }
          ],
          "Files": []
        },
        {
          "Id": "3d9c5061-9c8b-4a04-b3fc-854c676105b6",
          "Name": ".project",
          "Folders": [],
          "Files": [
            {
              "Id": "aaa6c08b-60ef-4494-9ed6-1b5b386f83dd",
              "Name": "PackageBindingsMetadata.json",
              "IsMain": false
            },
            {
              "Id": "a431b6e4-9112-45c2-a4da-db311cd379b8",
              "Name": "design.json",
              "IsMain": false
            }
          ]
        },
        {
          "Id": "88c8b6ab-a9a6-4c17-83e0-00a3ad84c8f8",
          "Name": ".tmh",
          "Folders": [],
          "Files": [
            {
              "Id": "9742e2b8-427c-4a29-9231-5801f0fac9b4",
              "Name": "config.json",
              "IsMain": false
            }
          ]
        }
      ],
      "Files": [
        {
          "Id": "37fc2c60-27cf-40c2-ac5f-364c418cf4c6",
          "Name": "Main.xaml",
          "IsMain": true
        },
        {
          "Id": "259cc0d4-dcd8-435c-bd64-4d475a37a217",
          "Name": "entry-points.json",
          "IsMain": false
        },
        {
          "Id": "955c33ce-6089-462b-b060-cec1b5d892e3",
          "Name": "project.uiproj",
          "IsMain": false
        },
        {
          "Id": "b07d3484-3333-417a-a3d0-1c9f566c6527",
          "Name": "project.json",
          "IsMain": false
        }
      ]
    },
    "Dependencies": [
      {
        "Name": "UiPath.DocumentUnderstanding.Activities",
        "Version": "[2.16.1]"
      },
      {
        "Name": "UiPath.Excel.Activities",
        "Version": "[3.2.1]"
      },
      {
        "Name": "UiPath.Mail.Activities",
        "Version": "[2.4.10]"
      },
      {
        "Name": "UiPath.System.Activities",
        "Version": "[25.10.2]"
      },
      {
        "Name": "UiPath.Testing.Activities",
        "Version": "[25.10.0]"
      },
      {
        "Name": "UiPath.UIAutomation.Activities",
        "Version": "[25.10.16]"
      },
      {
        "Name": "UiPath.WebAPI.Activities",
        "Version": "[2.3.2]"
      }
    ],
    "HasTrigger": false,
    "DisableAutoUpdate": false
  },
  "OriginalFilesHash": {
    ".settings/Release/settings-1a5b880a.json": "/SMISP73PTBaR86RcZnRzA07S94hLi0Vnfo\u002Bscs5srU=",
    "project.json": "x3bZ5a7XZWlfK7a/dKbtlRNfuaMsU4Izppv89Oo6EKw=",
    ".project/PackageBindingsMetadata.json": "9TENppOn7yvjUMEF\u002B2zIuBLxwiz2OEi6j8mxUOblM1A=",
    ".settings/Debug/settings-9e9290da.json": "l/jRrxQRgieW0nyHmqAsi3ds9G/h5HKreJ/LV5ZDKz4=",
    "Main.xaml": "alQtH1AK5WGEo8REgX8TlC6D\u002BeBILp3\u002B1R/HLsrXXX0=",
    ".objects/.type": "3CCz1dLN34L60zKCHKXppO/c7eSic6oZPStJW9zJKCU=",
    ".objects/.metadata": "bTdc3wUyZscTH1nikFNwGQGoM1N06ffRZCltv7Hvt\u002BM=",
    ".settings/Design/settings-a1b2dac1.json": "OqYW0TAH4IQbtw3YIDFlXiJqejS8UgRBSD4UP1TbQx4=",
    ".settings/Release/settings-9e9290da.json": "l/jRrxQRgieW0nyHmqAsi3ds9G/h5HKreJ/LV5ZDKz4=",
    ".settings/Release/settings-590bb27b.json": "YGA2txh\u002BqFdobI1IdDcKxPYQr49RO1q3NIEJ7ehwW8s=",
    ".settings/Debug/settings-afad0842.json": "G9QXfUpFG7Ft2Hv2iaAAdX0OHthnWBvWoCiC3J0\u002BIzg=",
    ".settings/Debug/settings-1a5b880a.json": "/SMISP73PTBaR86RcZnRzA07S94hLi0Vnfo\u002Bscs5srU=",
    ".settings/Debug/settings-5190454b.json": "6ud6qyOj3C93hV1irOUAiHHtFhixNW\u002BVGG8BuThc7Xg=",
    ".tmh/config.json": "h46eoezYT8wW99FSCp0OgQA/hsoWiFWwsBjpoTDPcZg=",
    ".settings/Debug/settings-82ca306a.json": "emYcBcvkaLsFz8\u002Bm15ds8bYGKlfo/rMpIXMZpgU/1zo=",
    ".settings/Design/settings-afad0842.json": "0Ate4Ho3OtfOTaFZbep884JDtIPuwDlsbwEsOYkYJUg=",
    ".settings/Debug/settings-a1b2dac1.json": "hG0xDLc3zW16fkgxnsv4vxRc2mBJ\u002B2H8tvbF25Bv2qo=",
    ".settings/Release/settings-a1b2dac1.json": "hG0xDLc3zW16fkgxnsv4vxRc2mBJ\u002B2H8tvbF25Bv2qo=",
    ".settings/Release/settings-5190454b.json": "6ud6qyOj3C93hV1irOUAiHHtFhixNW\u002BVGG8BuThc7Xg=",
    ".project/design.json": "D1f9H44ht\u002Bs2pCbXw5MEuq5cz60YKu8d7bi05HsrbK0=",
    ".settings/Release/settings-82ca306a.json": "emYcBcvkaLsFz8\u002Bm15ds8bYGKlfo/rMpIXMZpgU/1zo=",
    ".settings/Design/settings-5190454b.json": "\u002B3KxfzbGTCWfRz/9TU36fkWid7rD77ZaV6yLkcAlxwY=",
    ".settings/Release/settings-afad0842.json": "G9QXfUpFG7Ft2Hv2iaAAdX0OHthnWBvWoCiC3J0\u002BIzg=",
    "entry-points.json": "mS4y4QkqGNvgS8ZWpWHSZd4wDce\u002BT8ujsFsGoyNe\u002BWY=",
    ".settings/Debug/settings-590bb27b.json": "YGA2txh\u002BqFdobI1IdDcKxPYQr49RO1q3NIEJ7ehwW8s=",
    ".settings/Design/settings-590bb27b.json": "47l/VJ6CvriLOGo10/wazeK2w7MFZ\u002Bo5IpEcgHgebco=",
    "project.uiproj": "C0mzIgHRPaisbznuRjm5syZZN/KZI8O6EPP0TEyAMNE="
  },
  "OriginalFolders": [
    ".entities",
    ".objects",
    ".project",
    ".settings",
    ".settings/Debug",
    ".settings/Design",
    ".settings/Release",
    ".templates",
    ".tmh"
  ],
  "StudioWebFiles": [
    ".settings/Release/settings-1a5b880a.json",
    "project.json",
    ".project/PackageBindingsMetadata.json",
    ".settings/Debug/settings-9e9290da.json",
    "Main.xaml",
    ".objects/.type",
    ".objects/.metadata",
    ".settings/Design/settings-a1b2dac1.json",
    ".settings/Release/settings-9e9290da.json",
    ".settings/Release/settings-590bb27b.json",
    ".settings/Debug/settings-afad0842.json",
    ".settings/Debug/settings-1a5b880a.json",
    ".settings/Debug/settings-5190454b.json",
    ".tmh/config.json",
    ".settings/Debug/settings-82ca306a.json",
    ".settings/Design/settings-afad0842.json",
    ".settings/Debug/settings-a1b2dac1.json",
    ".settings/Release/settings-a1b2dac1.json",
    ".settings/Release/settings-5190454b.json",
    ".project/design.json",
    ".settings/Release/settings-82ca306a.json",
    ".settings/Design/settings-5190454b.json",
    ".settings/Release/settings-afad0842.json",
    "entry-points.json",
    ".settings/Debug/settings-590bb27b.json",
    ".settings/Design/settings-590bb27b.json",
    "project.uiproj"
  ]
}