{
  "$schema": "https://cloud.uipath.com/draft/2024-12/operate",
  "contentType": "Process",
  "projectId": "46418a22-e6cb-4be3-bc29-d2688dcf3cc4",
  "main": "Main.xaml",
  "dependencies": {
    "UiPath.DocumentUnderstanding.Activities": "[2.16.1]",
    "UiPath.Excel.Activities": "[3.2.1]",
    "UiPath.Mail.Activities": "[2.4.10]",
    "UiPath.System.Activities.Runtime": "[25.10.2]",
    "UiPath.Testing.Activities": "[25.10.0]",
    "UiPath.UIAutomation.Activities.Runtime": "[25.10.16]",
    "UiPath.WebAPI.Activities.Runtime": "[2.3.2]"
  },
  "targetFramework": "Windows",
  "runtimeOptions": {
    "isAttended": false,
    "requiresUserInteraction": true,
    "robotVersion": "25.10.0"
  },
  "designOptions": {
    "projectProfile": "Development",
    "fileInfoCollection": []
  }
}